item,itemLabel,startDate,endDate
Q10444907,Яўген Абаленскі,2008-10-27,2012-10-18
Q9367670,Уладзімір Адашкевіч,2008-10-27,2012-10-18
Q11780614,Мікалай Андрайчук,2008-10-27,2012-10-18
Q2029677,Уладзімір Андрэйчанка,2008-10-27,2012-10-18
Q14835239,Ганна Анішчук,2008-10-27,2012-10-18
Q9144024,Аляксандр Антаненка,2008-10-27,2012-10-18
Q11712032,Іна Антонава,2008-10-27,2012-10-18
Q11723344,Яўген Арцюшэнка,2008-10-27,2012-10-18
Q9353991,Таццяна Асмалоўская,2008-10-27,2012-10-18
Q9373947,Віктар Аўчыннікаў,2008-10-27,2012-10-18
Q11714376,Іван Багатка,2008-10-27,2012-10-18
Q9394017,Ларыса Багдановіч,2008-10-27,2012-10-18
Q9371377,Васіль Байкоў,2008-10-27,2012-10-18
Q9367674,Уладзімір Батан,2008-10-27,2012-10-18
Q9355404,Тамара Белкіна,2008-10-27,2012-10-18
Q14917863,Марыя Бірукова,2008-10-27,2012-10-18
Q9259568,Піліп Богуш,2008-10-27,2012-10-18
Q9375489,Віталь Бусько,2008-10-27,2012-10-18
Q9144028,Аляксандр Бяляеў,2008-10-27,2012-10-18
Q24924995,Анатоль Ваньковіч,2008-10-27,2012-10-18
Q9367697,Уладзімір Васіленка,2008-10-27,2012-10-18
Q9394020,Ларыса Вершаловіч,2008-10-27,2012-10-18
Q9371387,Васіль Вусік,2008-10-27,2012-10-18
Q9144085,Аляксандр Высоцкі,2008-10-27,2012-10-18
Q41860,Алег Вялічка,2008-10-27,2012-10-18
Q11780616,Мікалай Гарбачонак,2008-10-27,2012-10-18
Q9150624,Анатолій Глаз,2008-10-27,2012-10-18
Q84314157,Таццяна Голубева,2008-10-27,2012-10-18
Q26897749,Генадзь Грыцкевіч,2008-10-27,2012-10-18
Q9373951,Віктар Гумінскі,2008-10-27,2012-10-18
Q9371380,Васіль Гур’янаў,2008-10-27,2012-10-18
Q3919171,Генадзь Давыдзька,2008-10-27,2012-10-18
Q11709741,Георгій Дашкевіч,2008-10-27,2012-10-18
Q9147007,Алена Дзікавіцкая,2008-10-27,2012-10-18
Q9291990,Генадзь Дзямідчык,2008-10-27,2012-10-18
Q735582,Уладзімір Жарэла,2008-10-27,2012-10-18
Q11780621,Мікалай Жгун,2008-10-27,2012-10-18
Q9370087,Валянціна Жураўская,2008-10-27,2012-10-18
Q9144087,Аляксандр Зазуля,2008-10-27,2012-10-18
Q9367702,Уладзімір Здановіч,2008-10-27,2012-10-18
Q3918889,Валерый Іваноў,2008-10-27,2012-10-18
Q9163305,Ала Ісачэнка,2008-10-27,2012-10-18
Q9353995,Таццяна Ісачанка,2008-10-27,2012-10-18
Q26897645,Леанід Кавалевіч,2008-10-27,2012-10-18
Q9370083,Валянціна Кавалёва,2008-10-27,2012-10-18
Q262216,Мікалай Казак,2008-10-27,2012-10-18
Q11723346,Яўген Казімірчык,2008-10-27,2012-10-18
Q11684848,Аляксей Казлоў,2008-10-27,2012-10-18
Q9250617,Эдуард Казура,2008-10-27,2012-10-18
Q9336219,Сяргей Канопліч,2008-10-27,2012-10-18
Q28016609,Ігар Карпенка,2008-10-27,2012-10-18
Q9367678,Уладзімір Карпяк,2008-10-27,2012-10-18
Q11778197,Мечыслаў Касцюк,2008-10-27,2012-10-18
Q9355410,Тамара Клебан,2008-10-27,2012-10-18
Q11712387,Інеса Кляшчук,2008-10-27,2012-10-18
Q9303797,Раман Корап,2008-10-27,2012-10-18
Q9144779,Алег Кот,2008-10-27,2012-10-18
Q9336221,Сяргей Крыжэвіч,2008-10-27,2012-10-18
Q9367682,Уладзімір Кужанаў,2008-10-27,2012-10-18
Q25536447,Аляксей Кузьміч,2008-10-27,2012-10-18
Q9394018,Ларыса Кузняцова,2008-10-27,2012-10-18
Q11792293,Ніна Кульша,2008-10-27,2012-10-18
Q11684846,Аляксандр Ласякін,2008-10-27,2012-10-18
Q9286056,Ганна Лаўрукевіч,2008-10-27,2012-10-18
Q9370084,Валянціна Леаненка,2008-10-27,2012-10-18
Q9370088,Валянціна Лузіна,2008-10-27,2012-10-18
Q9370086,Валянціна Лукашонак,2008-10-27,2012-10-18
Q9371382,Васіль Люцікаў,2008-10-27,2012-10-18
Q9286002,Ганна Лявіцкая,2008-10-27,2012-10-18
Q9367683,Уладзімір Маёраў,2008-10-27,2012-10-18
Q9367684,Уладзімір Майсюк,2008-10-27,2012-10-18
Q9391301,Зінаіда Мандроўская,2008-10-27,2012-10-18
Q3545332,Сяргей Маскевіч,2008-10-27,2012-10-18
Q11723347,Яўген Мельнікаў,2008-10-27,2012-10-18
Q11711535,Ігнат Місурагін,2008-10-27,2012-10-18
Q9154468,Анфім Міхалевіч,2008-10-27,2012-10-18
Q9367686,Уладзімір Міхасёў,2008-10-27,2012-10-18
Q9147016,Алена Новік,2008-10-27,2012-10-18
Q11778494,Міхаіл Орда,2008-10-27,2012-10-18
Q11708451,Галіна Палянская,2008-10-27,2012-10-18
Q26897718,Аляксандр Папкоў,2008-10-27,2012-10-18
Q9150646,Анатоль Паўловіч,2008-10-27,2012-10-18
Q9348619,Святлана Пішч,2008-10-27,2012-10-18
Q9367689,Уладзімір Пятровіч,2008-10-27,2012-10-18
Q9144071,Аляксандр Розганаў,2008-10-27,2012-10-18
Q3917695,Міхаіл Русы,2008-10-27,2012-10-18
Q11770910,Марына Рэмша,2008-10-27,2012-10-18
Q9144786,Алег Сакадынец,2008-10-27,2012-10-18
Q11780622,Мікалай Самасейка,2008-10-27,2012-10-18
Q9367691,Уладзімір Сінякоў,2008-10-27,2012-10-18
Q9367690,Уладзімір Скавародка,2008-10-27,2012-10-18
Q9348621,Святлана Сухавей,2008-10-27,2012-10-18
Q11711531,Ігар Спільнічэнка,2008-10-27,2012-10-18
Q9371384,Васіль Сцяпура,2008-10-27,2012-10-18
Q9336226,Сяргей Сямашка,2008-10-27,2012-10-18
Q9373957,Віктар Талкачоў,2008-10-27,2012-10-18
Q11792287,Ніна Федарук,2008-10-27,2012-10-18
Q9353994,Таццяна Філімончык,2008-10-27,2012-10-18
Q9303271,Раіса Ціханская,2008-10-27,2012-10-18
Q9144034,Аляксандр Чыкілеў,2008-10-27,2012-10-18
Q26897741,Алена Шамаль,2008-10-27,2012-10-18
Q9144081,Аляксандр Шаўко,2008-10-27,2012-10-18
Q9144082,Аляксандр Шацько,2008-10-27,2012-10-18
Q9355415,Тамара Шчэрбачэвіч,2008-10-27,2012-10-18
Q9348622,Святлана Шылава,2008-10-27,2012-10-18
Q11734983,Канстанцін Шэўчык,2008-10-27,2012-10-18
Q11753405,Леанід Эльяшэвіч,2008-10-27,2012-10-18
Q11817593,Пётр Южык,2008-10-27,2012-10-18
Q9285366,Галіна Юргялевіч,2008-10-27,2012-10-18
Q9144046,Аляксандр Юшкевіч,2008-10-27,2012-10-18
