@@,itemlabel,item,startdate,enddate
->,Яўген Вячаслававіч Абаленскі->Яўген Абаленскі,Q10444907,2008-10-27,2016-10-10->2012-10-18
+++,Аляксандр Ласякін,Q11684846,2008-10-27,2012-10-18
+++,Аляксей Казлоў,Q11684848,2008-10-27,2012-10-18
->,Галіна Уладзіміраўна Палянская->Галіна Палянская,Q11708451,2004-11-16->2008-10-27,2012-10-18
+++,Георгій Дашкевіч,Q11709741,2008-10-27,2012-10-18
+++,Ігар Спільнічэнка,Q11711531,2008-10-27,2012-10-18
+++,Ігнат Місурагін,Q11711535,2008-10-27,2012-10-18
+++,Інеса Кляшчук,Q11712387,2008-10-27,2012-10-18
->,Іван Багатка,Q11714376,2008-10-27,2012-11-18->2012-10-18
+++,Яўген Казімірчык,Q11723346,2008-10-27,2012-10-18
+++,Яўген Мельнікаў,Q11723347,2008-10-27,2012-10-18
+++,Канстанцін Шэўчык,Q11734983,2008-10-27,2012-10-18
+++,Леанід Эльяшэвіч,Q11753405,2008-10-27,2012-10-18
+++,Марына Рэмша,Q11770910,2008-10-27,2012-10-18
+++,Мечыслаў Касцюк,Q11778197,2008-10-27,2012-10-18
->,Міхаіл Сяргеевіч Орда->Міхаіл Орда,Q11778494,2000-11-21->2008-10-27,2012->2012-10-18
->,Мікалай Андрэйчук->Мікалай Андрайчук,Q11780614,2008-10-27,2012-10-18
+++,Мікалай Гарбачонак,Q11780616,2008-10-27,2012-10-18
->,Мікалай Анатольевіч Жгун->Мікалай Жгун,Q11780621,2008-10-27,2012-10-18
+++,Мікалай Самасейка,Q11780622,2008-10-27,2012-10-18
+++,Ніна Федарук,Q11792287,2008-10-27,2012-10-18
->,Ніна Герасімаўна Кульша->Ніна Кульша,Q11792293,2008-10-27,2012-10-18
+++,Пётр Южык,Q11817593,2008-10-27,2012-10-18
->,Ганна Анішчук,Q14835239,2008-10-28->2008-10-27,2012-10-18
+++,Марыя Бірукова,Q14917863,2008-10-27,2012-10-18
---,Наталля Анатольеўна Клімовіч,Q14918190,2012-09-23,2016-10-10
->,Уладзімір Паўлавіч Андрэйчанка->Уладзімір Андрэйчанка,Q2029677,2008-10-27,NULL->2012-10-18
->,Анатоль Сцяпанавіч Ваньковіч->Анатоль Ваньковіч,Q24924995,2008-10-27,2012-10-18
+++,Аляксей Кузьміч,Q25536447,2008-10-27,2012-10-18
+++,Мікалай Казак,Q262216,2008-10-27,2012-10-18
+++,Леанід Кавалевіч,Q26897645,2008-10-27,2012-10-18
+++,Аляксандр Папкоў,Q26897718,2008-10-27,2012-10-18
+++,Алена Шамаль,Q26897741,2008-10-27,2012-10-18
+++,Генадзь Грыцкевіч,Q26897749,2008-10-27,2012-10-18
+++,Ігар Карпенка,Q28016609,2008-10-27,2012-10-18
+++,Сяргей Маскевіч,Q3545332,2008-10-27,2012-10-18
+++,Міхаіл Русы,Q3917695,2008-10-27,2012-10-18
+++,Валерый Іваноў,Q3918889,2008-10-27,2012-10-18
+++,Генадзь Давыдзька,Q3919171,2008-10-27,2012-10-18
->,Алег Іванавіч Вялічка->Алег Вялічка,Q41860,2004-11-16->2008-10-27,2012-10-18
+++,Уладзімір Жарэла,Q735582,2008-10-27,2012-10-18
+++,Таццяна Голубева,Q84314157,2008-10-27,2012-10-18
->,Аляксандр Антоненка->Аляксандр Антаненка,Q9144024,2008-10-27,2012-10-18
->,Аляксандр Беляеў->Аляксандр Бяляеў,Q9144028,2008-10-27,2012-10-18
+++,Аляксандр Чыкілеў,Q9144034,2008-10-27,2012-10-18
+++,Аляксандр Юшкевіч,Q9144046,2008-10-27,2012-10-18
+++,Аляксандр Розганаў,Q9144071,2008-10-27,2012-10-18
+++,Аляксандр Шаўко,Q9144081,2008-10-27,2012-10-18
->,Аляксандр Віктаравіч Шацько->Аляксандр Шацько,Q9144082,2004-11->2008-10-27,2012-10->2012-10-18
+++,Аляксандр Высоцкі,Q9144085,2008-10-27,2012-10-18
+++,Аляксандр Зазуля,Q9144087,2008-10-27,2012-10-18
+++,Алег Кот,Q9144779,2008-10-27,2012-10-18
+++,Алег Сакадынец,Q9144786,2008-10-27,2012-10-18
->,Алена Міхайлаўна Дзікавіцкая->Алена Дзікавіцкая,Q9147007,2008-10-27,2012-10-18
+++,Алена Новік,Q9147016,2008-10-27,2012-10-18
+++,Анатолій Глаз,Q9150624,2008-10-27,2012-10-18
+++,Анатоль Паўловіч,Q9150646,2008-10-27,2012-10-18
->,Анфім Іванавіч Міхалевіч->Анфім Міхалевіч,Q9154468,2008-10-27,2012-10-18
+++,Ала Ісачэнка,Q9163305,2008-10-27,2012-10-18
+++,Эдуард Казура,Q9250617,2008-10-27,2012-10-18
->,Піліп Піліпавіч Богуш->Піліп Богуш,Q9259568,2008-10-27,2012-10-18
+++,Галіна Юргялевіч,Q9285366,2008-10-27,2012-10-18
+++,Ганна Лявіцкая,Q9286002,2008-10-27,2012-10-18
+++,Ганна Лаўрукевіч,Q9286056,2008-10-27,2012-10-18
+++,Раіса Ціханская,Q9303271,2008-10-27,2012-10-18
+++,Раман Корап,Q9303797,2008-10-27,2012-10-18
->,Сяргей Міхайлавіч Канопліч->Сяргей Канопліч,Q9336219,2008-10-27,2016-10-11->2012-10-18
+++,Сяргей Крыжэвіч,Q9336221,2008-10-27,2012-10-18
+++,Сяргей Сямашка,Q9336226,2008-10-27,2012-10-18
+++,Святлана Пішч,Q9348619,2008-10-27,2012-10-18
+++,Святлана Сухавей,Q9348621,2008-10-27,2012-10-18
+++,Святлана Шылава,Q9348622,2008-10-27,2012-10-18
->,Таццяна Асмалоўская,Q9353991,2004-11-16->2008-10-27,2012-10-18
+++,Таццяна Філімончык,Q9353994,2008-10-27,2012-10-18
+++,Таццяна Ісачанка,Q9353995,2008-10-27,2012-10-18
+++,Тамара Клебан,Q9355410,2008-10-27,2012-10-18
+++,Тамара Шчэрбачэвіч,Q9355415,2008-10-27,2012-10-18
->,Уладзімiр Адашкевіч->Уладзімір Адашкевіч,Q9367670,2004-11-16->2008-10-27,2012-10-18
->,Уладзімір Батан,Q9367674,2008-11-27->2008-10-27,2012-11-18->2012-10-18
+++,Уладзімір Карпяк,Q9367678,2008-10-27,2012-10-18
+++,Уладзімір Кужанаў,Q9367682,2008-10-27,2012-10-18
+++,Уладзімір Маёраў,Q9367683,2008-10-27,2012-10-18
+++,Уладзімір Майсюк,Q9367684,2008-10-27,2012-10-18
->,Уладзімір Ільіч Міхасёў->Уладзімір Міхасёў,Q9367686,2008-10-27,2012-10-18
+++,Уладзімір Пятровіч,Q9367689,2008-10-27,2012-10-18
+++,Уладзімір Скавародка,Q9367690,2008-10-27,2012-10-18
+++,Уладзімір Сінякоў,Q9367691,2008-10-27,2012-10-18
+++,Уладзімір Васіленка,Q9367697,2008-10-27,2012-10-18
+++,Уладзімір Здановіч,Q9367702,2008-10-27,2012-10-18
+++,Валянціна Кавалёва,Q9370083,2008-10-27,2012-10-18
+++,Валянціна Леаненка,Q9370084,2008-10-27,2012-10-18
+++,Валянціна Лукашонак,Q9370086,2008-10-27,2012-10-18
->,Валянціна Іосіфаўна Жураўская->Валянціна Жураўская,Q9370087,2008-10-27,2016-10-11->2012-10-18
+++,Валянціна Лузіна,Q9370088,2008-10-27,2012-10-18
->,Васіль Байкоў,Q9371377,2008-11-27->2008-10-27,2012-11-18->2012-10-18
+++,Васіль Гур’янаў,Q9371380,2008-10-27,2012-10-18
+++,Васіль Люцікаў,Q9371382,2008-10-27,2012-10-18
+++,Васіль Сцяпура,Q9371384,2008-10-27,2012-10-18
+++,Васіль Вусік,Q9371387,2008-10-27,2012-10-18
+++,Віктар Аўчыннікаў,Q9373947,2008-10-27,2012-10-18
+++,Віктар Гумінскі,Q9373951,2008-10-27,2012-10-18
+++,Віктар Талкачоў,Q9373957,2008-10-27,2012-10-18
+++,Віталь Бусько,Q9375489,2008-10-27,2012-10-18
+++,Зінаіда Мандроўская,Q9391301,2008-10-27,2012-10-18
+++,Ларыса Багдановіч,Q9394017,2008-10-27,2012-10-18
+++,Ларыса Кузняцова,Q9394018,2008-10-27,2012-10-18
+++,Ларыса Вершаловіч,Q9394020,2008-10-27,2012-10-18
